{
  "prediction_metrics": {
    "rmse": 3.952531129158293,
    "mae": 2.6562952995300293,
    "r2": 0.848738431930542,
    "rmse_flowrate": 0.9790717883845944,
    "mae_flowrate": 0.7974774837493896,
    "rmse_duration": 5.503308601500963,
    "mae_duration": 4.515107154846191
  },
  "closed_loop": {
    "normal": {
      "pid": {
        "overshoot": 0.0,
        "settling_time": 11940.0,
        "stability_variance": 0.004997119816807427,
        "cumulative_dosing_cost": 139.29738854010526,
        "ec_mae": 0.3125940633682669,
        "nutrient_efficiency": 0.002244076966555555
      },
      "rule_based": {
        "overshoot": 0.07825980795962861,
        "settling_time": 11940.0,
        "stability_variance": 0.009776066235174014,
        "cumulative_dosing_cost": 91.0,
        "ec_mae": 0.4092497317234243,
        "nutrient_efficiency": 0.004497249749738182
      },
      "lstm": {
        "overshoot": 0.06513216799087207,
        "settling_time": 11940.0,
        "stability_variance": 0.05884936370495396,
        "cumulative_dosing_cost": 10.323291325605197,
        "ec_mae": 1.0133423448779235,
        "nutrient_efficiency": 0.09816077205955871
      }
    },
    "sensor_noise": {
      "pid": {
        "overshoot": 0.0,
        "settling_time": 11940.0,
        "stability_variance": 0.004489316393471396,
        "cumulative_dosing_cost": 126.87603271995538,
        "ec_mae": 0.2917531948612857,
        "nutrient_efficiency": 0.0022995138349394826
      },
      "rule_based": {
        "overshoot": 0.0,
        "settling_time": 11940.0,
        "stability_variance": 0.005687052150056644,
        "cumulative_dosing_cost": 88.83333333333333,
        "ec_mae": 0.41048542278386163,
        "nutrient_efficiency": 0.004620848984949486
      },
      "lstm": {
        "overshoot": 0.0,
        "settling_time": 11940.0,
        "stability_variance": 0.04865579117687599,
        "cumulative_dosing_cost": 10.286597571200145,
        "ec_mae": 1.0258488270070898,
        "nutrient_efficiency": 0.09972672889940559
      }
    },
    "ec_drift": {
      "pid": {
        "overshoot": 0.0,
        "settling_time": 11940.0,
        "stability_variance": 0.01157153874845882,
        "cumulative_dosing_cost": 146.25224335355256,
        "ec_mae": 0.3189135428154208,
        "nutrient_efficiency": 0.002180571957887183
      },
      "rule_based": {
        "overshoot": 0.0,
        "settling_time": 11940.0,
        "stability_variance": 0.01403110995019817,
        "cumulative_dosing_cost": 107.33333333333333,
        "ec_mae": 0.4264421399138837,
        "nutrient_efficiency": 0.003973063378330624
      },
      "lstm": {
        "overshoot": 0.0229773206077295,
        "settling_time": 11940.0,
        "stability_variance": 0.05890681337303226,
        "cumulative_dosing_cost": 10.08355855367195,
        "ec_mae": 1.012381513942847,
        "nutrient_efficiency": 0.100399219993121
      }
    },
    "temp_spike": {
      "pid": {
        "overshoot": 0.0,
        "settling_time": 11940.0,
        "stability_variance": 0.006283695873968071,
        "cumulative_dosing_cost": 134.59739070584942,
        "ec_mae": 0.3048660563632191,
        "nutrient_efficiency": 0.0022650220223396056
      },
      "rule_based": {
        "overshoot": 0.024274562893515483,
        "settling_time": 11940.0,
        "stability_variance": 0.009194156790931083,
        "cumulative_dosing_cost": 88.33333333333333,
        "ec_mae": 0.37764225399025136,
        "nutrient_efficiency": 0.004275195279793088
      },
      "lstm": {
        "overshoot": 0.0880624351878152,
        "settling_time": 11940.0,
        "stability_variance": 0.05732982708869638,
        "cumulative_dosing_cost": 10.26723409906225,
        "ec_mae": 1.0216963052551962,
        "nutrient_efficiency": 0.09951036431887218
      }
    },
    "delayed_response": {
      "pid": {
        "overshoot": 0.0006422895716997612,
        "settling_time": 11940.0,
        "stability_variance": 0.00784539369363779,
        "cumulative_dosing_cost": 174.07189070640175,
        "ec_mae": 0.36673642403043516,
        "nutrient_efficiency": 0.002106810125605982
      },
      "rule_based": {
        "overshoot": 0.0,
        "settling_time": 11940.0,
        "stability_variance": 0.00861566129167286,
        "cumulative_dosing_cost": 107.5,
        "ec_mae": 0.4763367213842383,
        "nutrient_efficiency": 0.00443103922747162
      },
      "lstm": {
        "overshoot": 0.0,
        "settling_time": 11940.0,
        "stability_variance": 0.05644644918315791,
        "cumulative_dosing_cost": 10.15936828573783,
        "ec_mae": 1.013586132186722,
        "nutrient_efficiency": 0.09976860803845757
      }
    },
    "actuator_saturation": {
      "pid": {
        "overshoot": 0.0,
        "settling_time": 11940.0,
        "stability_variance": 0.05433694650833127,
        "cumulative_dosing_cost": 16.534743940262146,
        "ec_mae": 1.0090579907856048,
        "nutrient_efficiency": 0.06102652290260287
      },
      "rule_based": {
        "overshoot": 0.07210093936855988,
        "settling_time": 11940.0,
        "stability_variance": 0.06254069276939635,
        "cumulative_dosing_cost": 16.0,
        "ec_mae": 1.0048445674130568,
        "nutrient_efficiency": 0.0628027815381422
      },
      "lstm": {
        "overshoot": 0.09405733423310703,
        "settling_time": 11940.0,
        "stability_variance": 0.061509438381607565,
        "cumulative_dosing_cost": 7.745762477318445,
        "ec_mae": 1.0141855782733635,
        "nutrient_efficiency": 0.13093423020766842
      }
    }
  }
}