{
  "train_loss": [
    0.48127703717746934,
    0.41119160388524717,
    0.40071204612096706,
    0.3990884119240971,
    0.39231455763736806,
    0.3915321259544446,
    0.3892082023870695,
    0.3851793767897399,
    0.38152902302416886,
    0.3808271855741114,
    0.37204739633765255,
    0.36818113313479855,
    0.3689041531325637,
    0.3660048413630966,
    0.3651143639915056,
    0.36413550783287396
  ],
  "val_loss": [
    0.2772849383914182,
    0.25014117396166247,
    0.25645425579240244,
    0.24681085750700965,
    0.2591921663092029,
    0.2532264497431536,
    0.2533161465919787,
    0.26009058453623324,
    0.24690720183594572,
    0.2531965814771191,
    0.2505356678138337,
    0.25993685856942206,
    0.26536666220354455,
    0.2582283558083638,
    0.2594330454125039,
    0.2602952754485511
  ],
  "val_rmse": [
    4.4318575379373675,
    4.128521658634654,
    4.2687869247693815,
    4.065023254853531,
    4.303114255671499,
    4.203727593885426,
    4.245390243295791,
    4.168836079728196,
    4.000932584767152,
    4.165902080320931,
    4.0460314957830175,
    4.2130171642302425,
    4.313128881625463,
    4.209052575216021,
    4.203672919313924,
    4.183630678671048
  ],
  "val_mae": [
    2.8874080181121826,
    2.7291879653930664,
    2.857921600341797,
    2.730576992034912,
    2.937483310699463,
    2.8485355377197266,
    2.936007022857666,
    2.7206661701202393,
    2.6217658519744873,
    2.7650845050811768,
    2.617530584335327,
    2.7326107025146484,
    2.8288016319274902,
    2.7617199420928955,
    2.7655601501464844,
    2.7049813270568848
  ]
}